{"id": "SChinese", "version": 4, "lastUpdated": "2023-06-18T23:14:58", "common": {"SCP008": "SCP-008", "SCP012": "SCP-012", "SCP035": "SCP-035", "SCP049": "SCP-049", "SCP0492": "SCP-049-2", "SCP096": "SCP-096", "SCP106": "SCP-106", "SCP173": "SCP-173", "SCP178": "SCP-178", "SCP714": "SCP-714", "SCP914": "SCP-914", "SCP966": "SCP-966", "SCP1025": "SCP-1025", "SCP1162": "SCP-1162", "SCP1499": "SCP-1499", "SCP860": "SCP-860", "KEYCARDDOORMOVE": "Moving", "KEYCARDDOOROPEN": "Open", "KEYCARDDOORCLOSED": "Closed", "KEYCARDDOORPROMPT": "Scan Keycard to Enter", "ERROR": "ERROR", "KEYCARDDOORLOCKED": "LOCKED", "ACHIEVEMENTUNLOCKED": "Achievement Unlocked: %ACHIEVEMENT%!"}, "menu": {"MAINMENU": "主菜单", "MAINMENULOADING": "正在加载...", "STARTUPWARNING": "SCP：《一起逃生》包含了可以看到NPC伤害自己和彼此的场景，以及灯光可能闪烁的场景。", "MAINMENUHOME": "主页", "MAINMENUNEWS": "消息", "MAINMENUCREDITS": "致谢", "MAINMENUMAPEDITOR": "地图编辑器", "MAINMENUPLAY": "游戏", "MAINMENUHOST": "主持", "MAINMENUDIRECTCONNECT": "直接连接", "MAINMENUJOINFRIEND": "加入好友", "MAINMENUJOINRANDOM": "加入公共大厅", "MAINMENUSERVERLIST": "服务器列表", "MAINMENUWORKSHOP": "车间", "MAINMENUSETTINGS": "Settings", "MAINMENUSAVELOAD": "保存/加载", "MAINMENUMODLIST": "修改列表", "MAINMENUACHIEVEMENTS": "成就", "MAINMENUQUIT": "Exit game", "MAINMENUQUIT2": "QUIT", "MAINMENUQUITCONFIRM": "Are you sure you'd like to quit the game?", "MAINMENUCONTINUE": "无论如何继续", "MAINMENUVERSION": "Version: %VERSION%", "MAINMENUSOCIALMEDIA": "社交媒体", "MAINMENUSUBMENU": "子菜单", "MAINMENUWELCOME": "Welcome back, %PLAYERNAME%.", "MAINMENUDOWNLOADINGFILES": "下载研讨会文件", "MAINMENUDOWNLOADSPECIFIC": "Downloading Workshop item %ITEMNAME%...", "MAINMENUDOWNLOADPERCENT": "%PERCENT%% Downloaded...", "MAINMENUQUERYING": "正在查询...", "MAINMENUDOWNLOADING": "正在下载", "MAINMENULOADINGMODS": "正在加载mods", "MAINMENULOADINGMODSWAIT": "正在加载mods，请稍候...", "MAINMENUOUTDATED": "过时的", "MAINMENUOUTDATEDCONTENT": "Warning: Your game version appears to be outdated. You will be unable to connect to updated servers until you update the game.\n\nLive Version: %LIVEVERSION%\nYour Version: %CURRENTVERSION%", "MAINMENUCANTGETNEWS": "无法获取新闻。\n请检查您的网络连接。", "MAINMENUGRAPHICSWARNINGTITLE": "图形警告", "MAINMENUGRAPHICSWARNING": "您的图形设置高于建议的默认设置。\n这可能导致低帧率和高显卡占用。", "MAINMENUPLAYERSONLINE": "%COUNT% players online", "MAINMENUCONNECTED": "已连接", "MAINMENUDISCONNECTED": "断开", "MAINMENUSTEAMOFFLINE": "Steam离线", "MAINMENULOBBYNAME": "大厅名称", "MAINMENUNAME": "名称", "MAINMENUMAXPLAYERS": "最大玩家数", "MAINMENUPASSWORD": "密码", "MAINMENUPASSWORD2": "密码", "MAINMENUHOSTTYPE": "主机类型", "MAINMENUHOSTMAP": "地图", "MAINMENUHOSTCAPS": "主机", "MAINMENURANDOMMAP": "随机地图", "MAINMENUSKIPINTRO": "跳过开场", "MAINMENULOBBYVISIBILITY": "大厅能见度", "MAINMENUPRIVATE": "私人", "MAINMENUFRIENDSONLY": "仅限好友", "MAINMENUPUBLIC": "公开", "MAINMENUHOSTCREATEFAIL": "无法创建大厅", "MAINMENUHOSTLOBBYNAME": "必须提供大厅名称，且长度不能超过100个字符。", "MAINMENUHOSTLOBBYMAX": "最大玩家数必须是大于1且小于100的有效数字。", "MAINMENUCONNECT": "连接", "MAINMENUIPADDRESS": "IP地址...", "MAINMENUJOINCAPS": "加入", "MAINMENUSERVERADDRESS": "服务器地址", "MAINMENUFRIENDINVITE": "Invite from %NAME%", "MAINMENUFRIENDJOINFAIL": "无法加入好友。", "MAINMENUNOFRIENDS": "当前没有朋友在线！", "MAINMENUNOLOBBIES": "找不到公共游说团。", "SERVERLISTLOADING": "正在加载服务器列表...", "SERVERLISTEMPTY": "服务器列表为空...", "MAINMENUSEARCHBYNAME": "按名称搜索服务器...", "MAINMENUREFRESH": "刷新", "SERVERLISTPLAY": "播放", "SERVERLISTNAME": "服务器名称", "SERVERLISTPLAYERS": "玩家", "SERVERLISTMAP": "地图", "SERVERLISTREGION": "区域", "SERVERLISTRANDOMMAP": "随机的", "PASTEBINFAILNOINTERNET": "无法从Pastebin检索服务器信息。\n请检查您的网络连接。", "PASTEBINFAIL404": "无法从Pastebin检索服务器信息。\n此服务器没有设置有效的服务器信息。", "PASTEBINFAILUNKNOWN": "Failed to retrieve server info from Pastebin.\nResponse Code: %CODE%.", "MAINMENUWORKSHOPCAPS": "车间", "MAINMENUINSTALLED": "已安装", "MAINMENUUPLOAD": "上传", "MAINMENUMYWORKSHOP": "我的工作室", "MAINMENUGRAPHICS": "图形", "MAINMENUAUDIO": "Audio", "MAINMENUKEYBINDS": "按键", "MAINMENULANGUAGE": "语言", "MAINMENUGAMEPLAY": "GamePlay", "MAINMENUOTHER": "其他", "MAINMENUMASTERVOLUME": "Master volume", "MAINMENUVOICECHATVOLUME": "Voice Chat volume", "MAINMENUAMBIENTVOLUME": "Ambient volume", "MAINMENUGENERICVOLUME": "Generic volume", "MAINMENUMUSICVOLUME": "Music volume", "MAINMENUCLOSEDCAPTIONS": "Closed Captions", "MAINMENUCAPTIONNONE": "Off", "MAINMENUCAPTIONSPEECHONLY": "Speech Only", "MAINMENUCAPTIONALL": "All", "MAINMENUVERYLOW": "极低", "MAINMENULOW": "低", "MAINMENUMEDIUM": "中等", "MAINMENUHIGH": "高", "MAINMENUVERYHIGH": "非常高", "MAINMENUULTRA": "超", "MAINMENUSOFT": "软阴影", "MAINMENUHARD": "硬阴影", "MAINMENUNONE": "无阴影", "MAINMENUQUALITY": "质量", "MAINMENUSHADOWS": "阴影", "MAINMENUSHADOWRESOLUTION": "阴影分辨率", "MAINMENUSHADOWDISTANCE": "阴影距离", "MAINMENUTEXTUREQUALITY": "纹理质量", "MAINMENUFRAMELIMIT": "帧率限制", "MAINMENUPOSTPROCESSING": "后期处理", "MAINMENUPLAYERFOV": "FOV", "MAINMENUPLAYERCLOSEINV": "Close inventory when equipping items", "MAINMENUMOUSESENSITIVITY": "鼠标灵敏度", "MAINMENUFULLSCREEN": "全屏显示", "MAINMENUSCREENRESOLUTION": "屏幕分辨率", "MAINMENURESOLUTIONSCALE": "分辨率比例", "MAINMENUVIEWBOB": "View Bob", "MAINMENURESET": "Reset", "MAINMENUSAVE": "Save", "MAINMENUHDRP": "HDRP公司", "MAINMENUHDRPWARN": "建议在4GB以上显存的显卡上使用HDRP。\n为了完全应用此设置，您必须重新启动游戏。", "MAINMENUHDRPWARNHEADER": "HDRP性能警告", "MAINMENUVSYNC": "垂直同步", "MAINMENUENABLE": "开启", "MAINMENUDISABLE": "关闭", "MAINMENUSELECTLANGUAGE": "选择语言", "MAINMENUARABICWARNING": "警告：在重新加载主菜单之前，从阿拉伯语切换到另一种语言不会更新主菜单字体。", "MAINMENUNEWSFAIL": "无法显示新闻", "MAINMENUNEWSFAILNOINTERNET": "您的设备未连接到internet。", "MAINMENUNEWSFAILPARENTAL": "您的家长设置阻止您查看Steam新闻。", "MAINMENULOADINGACHIEVEMENTS": "正在加载成就...", "ACHIEVEMENTGLOBALCOUNT": "%AMOUNT%% of players have this achievement.", "ACHIEVEMENTUNLOCKDATE": "You unlocked this achievement on %DATE%.", "ACHIEVEMENTSTATS": "%UNLOCKED% out of %TOTAL% achievements unlocked.", "ACHIEVEMENTVIEWSTEAM": "Steam视图", "ACHIEVEMENTLOCKED": "锁定", "ACHIEVEMENTUNLOCKED": "未锁定的", "ACHIEVEMENTFILTERALL": "全部", "ACHIEVEMENTHIDDEN": "隐藏的成就", "CREDITSCLOSE": "Press ESC to close.", "CREDITSPROGRAMMERS": "程序员", "CREDITSOTHERDEVS": "资产开发人员", "CREDITSCONTRIBUTORS": "贡献者", "CREDITSPARTNERS": "合作伙伴", "CREDITSLOCALIZATION": "本地化", "CREDITSATTRIBUTIONS": "归因", "CREDITSPROJECTFOUNDER": "项目创始人", "CREDITSPROJECTLEAD": "项目负责人", "CREDITSLEADADMIN": "首席管理员", "CREDITSADMIN": "管理员", "CREDITSLEADPROGRAMMER": "首席程序员", "CREDITSPROGRAMMER": "程序员", "CREDITSMODELER": "建模器", "CREDITSAUDIODESIGNER": "音频设计师", "CREDITSQUALITYASSURANCE": "质量保证", "CREDITSSECURITYADVISOR": "安全顾问", "CREDITSBADGEDESIGNER": "徽章设计师", "CREDITSGRAPHICDESIGNER": "平面设计师", "CREDITSBRAZILPORTUGUESE": "巴西葡萄牙语", "CREDITSCZECH": "捷克语", "CREDITSDANISH": "丹麦语", "CREDITSDUTCH": "荷兰的", "CREDITSFRENCH": "法语", "CREDITSGERMAN": "德国的", "CREDITSITALIAN": "意大利人", "CREDITSHUNGARIAN": "匈牙利语", "CREDITSKOREAN": "韩国人", "CREDITSNORWEGIAN": "挪威语", "CREDITSPOLISH": "磨光", "CREDITSPORTUGUESE": "葡萄牙语", "CREDITSRUSSIAN": "俄语", "CREDITSSPANISHLA": "西班牙语（拉丁美洲）", "CREDITSSPANISHSPAIN": "西班牙语（西班牙）", "CREDITSTURKISH": "土耳其的", "CREDITSPLAYER": "为了玩我们的游戏<3", "LOBBYFORCESTART": "强制启动", "LOBBYLEAVE": "离开", "EDITORLOAD": "负载", "EDITORSAVE": "拯救", "EDITORSAVEEXIT": "保存+退出", "EDITORUNDO": "打开", "EDITORTRANSLATE": "翻译工具", "EDITORROOMS": "房间", "EDITOROBJECTS": "对象", "EDITORGENMAP": "生成地图", "BLINKSTAT": "眨眼", "SPRINTSTAT": "体力", "HPSTAT": "%AMOUNT% HP", "SERVERMUTED": "服务器静音", "LOCALMUTED": "本地静音", "MAINMENUSERVERINFO": "连接信息", "CHATPLACEHOLDER": "按T键使用聊天...", "AIRLOCKREADY": "准备好的", "AIRLOCKWAIT": "等待", "AIRLOCKMOVING": "移动", "DISCONNECT": "断开", "PLAYERLISTNICKNAME": "昵称", "PLAYERLISTBADGES": "徽章", "PLAYERLISTACTIONS": "操作", "DOWNLOADTEXTURESPROMPT": "此服务器使用外部纹理。单击下面的'确认'下载这些纹理，或按'关闭'在不使用这些纹理的情况下游玩（不推荐）。", "DOWNLOADCONFIRM": "确认", "DOWNLOADTEXTUREPROGRESS": "Downloading textures... %AMOUNT% remaining.", "049SUBSYSTEMONLINE": "能源子系统在线。", "049SUBSYSTEMOFFLINE": "能源子系统离线。", "049SUBSYSTEMREADY": "能源子系统准备就绪。", "049SUBSYSTEMRESTART": "重启能源子系统", "TRACKERDISTANCE": "距离", "TRACKERTARGET": "TARGET: %TARGET%", "TRACKERTARGETPLAYER": "TARGET: %TARGET% (Player)", "TRACKERVERYCLOSE": "非常接近", "TRACKERCLOSE": "关闭", "TRACKERNEARBY": "附近", "TRACKERFAR": "远", "TRACKERVERYFAR": "非常远", "TRACKERSCP049": "SCP-049", "TRACKERSCP096": "SCP-096", "TRACKERSCP106": "SCP-106", "TRACKERSCP173": "SCP-173", "TRACKERSCP914": "SCP-914", "TRACKERSCP1123": "SCP-1123", "TRACKERTESLAGATE": "特斯拉门", "REPORTCHEATING": "作弊举报", "REPORTDISABLED": "此服务器上未启用播放机报告。", "REPORTFAILED": "发送报告失败", "REPORTFAILNONDEDICATED": "未为非专用服务器启用播放机报告。", "CHEATREPORTFAILNONDEDICATED": "玩家报告仅适用于公共大厅和专用服务器。", "REPORTMISSINGREASON": "原因不能为空。", "REPORTMISSINGREPORTED": "在服务器上找不到报告的播放器。", "REPORTMISSINGREPORTER": "在服务器上找不到记者播放器。", "REPORTSENDING": "正在发送报告...", "REPORTSERVER": "违反服务器规则的报告", "REPORTSUCCESS": "报告发送成功", "REPORTSUCCESS2": "报告已发送", "REPORTTARGET": "Reporting: %PLAYERNAME%", "REPORTTITLE": "玩家报告", "BODYIDENTIFY": "This is <b>%PLAYERNAME%</b>'s body.", "BODYCAUSE": "Cause of death: <i>%CAUSE%</i>", "BODYITEMSINSTRUCTION": "在尸体上发现的物品：（点击获取）", "BODYNOITEMS": "此实体上没有任何项目。", "BODYNOIDENTIFY": "这具尸体无法辨认。", "BODYADMIN": "这具尸体是被无法辨认的外部来源谋杀的。", "BODYBLEEDING": "通往尸体的血迹表明，受试者随着时间的推移死于失血过多。", "BODYDISCONNECTED": "这具尸体似乎是在活着时被遗弃后自残的。", "BODYFALLING": "这具尸体腿部和脚部多处骨折，这表明死亡前曾发生过致命的坠落。", "BODYFIRE": "这具尸体似乎有多处烧伤痕迹，表明是死于火灾。", "BODYGAS": "尸体皮肤上的苍白斑点表明，随着时间的推移，受试者死于有毒气体。", "BODYSUICIDE": "这具尸体上有明显的刀砍下手臂的痕迹，表明受试者是自杀。", "BODYTESLAGATE": "这具尸体似乎遭受了严重的电烧伤。", "BODY008": "这具尸体上有多处细小的抓痕。", "BODY012": "在他们的手臂上可以看到许多指甲痕迹，这表明受试者在他们活着的时候残害了他们的手臂。", "BODY049": "身上没有明显的外伤。", "BODY106": "这具尸体似乎受到了SCP-106的“腐蚀”效应的影响，这表明受试者在活着的时候对口袋维度进行了一次不愉快的访问。", "BODY173": "这具尸体的头骨底部有多处骨折，表明与SCP-173有直接的身体接触。", "BODY178": "这具尸体上有多处大的抓痕。在受试者的口袋中发现SCP-178，表明其与一种或多种SCP-178直接接触。", "BODY330": "这具尸体大量失血。在两只手的底部发现了两道大伤口，但受试者的手却找不到了。", "BODY914": "这具尸体是在SCP-914中发现的，看起来残缺不全，这表明受试者是在“粗糙”或“粗糙”的环境中通过SCP-914的。", "BODY939": "这具尸体有多处咬痕和爪痕。", "BODY966": "这具尸体上有多处大的抓痕。", "BODYREDCANDY": "身上没有明显的外伤。在受试者尸体旁边发现了一个红色的糖果包装。", "BODYCANDYCORN": "这名受试者似乎是在“高糖”状态下死亡的。需要进一步的尸检来确定死亡前这种状态的原因。", "BODYUNKNOWN": "死亡原因无法确定。", "MAINMENUPLAYCONNECT": "连接", "MAINMENUFRIENDS": "朋友", "MAINMENUSTEAMLOBBY": "Steam大厅", "MAINMENUVERIFIEDSERVER": "已验证的服务器", "MAINMENUUNVERIFIEDSERVER": "未验证的服务器", "MAINMENUOFFICIALSERVER": "公务的", "MAINMENUGAMEPLAYMODSERVER": "游戏模拟服务器", "MAINMENUUNVERIFIEDWARNING": "此服务器未经验证。它还没有通过SCP:ET验证团队的验证检查，因此加入它可能是危险的。", "MAINMENUGAMEPLAYMODWARNING": "该服务器正在运行修改游戏的插件和/或mod。预计这款服务器将具有与基础游戏不同的功能和机制。", "ADMINMENUHEADER": "管理面板", "ADMINMENUPLAYERTAB": "玩家", "ADMINMENUWORLDTAB": "世界", "ADMINMENUTEXTTAB": "基于文本的", "ADMINMENUBAN": "禁令", "ADMINMENUKICK": "踢", "ADMINMENUKILL": "杀死", "ADMINMENUENERGY": "无限耐力", "ADMINMENUGODMODE": "上帝模式", "ADMINMENUNOCLIP": "穿墙模式", "ADMINMENUNOTARGET": "没有目标", "ADMINMENUNOBLINK": "无闪烁", "ADMINMENUMUTE": "沉默的", "ADMINMENUUNMUTE": "取消静音", "ADMINMENUSEND": "邮寄", "ADMINMENUGOTO": "后藤", "ADMINMENUBRING": "带…到某处", "ADMINMENUDROPINV": "丢弃库存", "ADMINMENUEMPTYINV": "空库存", "ADMINMENUSETALIVE": "激活（Set Alive）", "ADMINMENUSETDEAD": "设置为无效", "ADMINMENUENDROUND": "结束圆形", "ADMINMENUTOGGLECHECKPOINT": "切换检查点锁定", "ADMINMENUTOGGLETESLAS": "切换特斯拉门", "ADMINMENUABOUT": "关于面板", "ADMINMENUWORLDSERVER": "世界/服务器", "ADMINMENUPLAYERS": "玩家", "ADMINMENUDOORS": "门", "ADMINMENUWAYPOINTS": "路点", "ADMINMENUITEMS": "项目", "ADMINMENUCONSOLE": "安慰", "ADMINMENUABOUTWELCOME": "欢迎使用SCP:ET管理面板V2", "ADMINMENUABOUTDESC": "This panel allows users with permissions to grant items, toggle cheating features such as noclip and noblink, and modify the current round (eg. disabling tesla gates).\n\nAll available panels are on the left sidebar, and each lead to a different tab. You can only access tabs that you have the permissions to access, defined in the server\u0027s admin configuration.\n\nRedirect suggestions to our Discord server!", "ADMINMENUCOPYTOCLIPBOARD": "复制到剪贴板", "ADMINMENUCOPIED": "已复制到剪贴板！", "ADMINMENUPLAYERLIST": "玩家列表：", "ADMINMENUPLAYERMODS": "玩家修改：", "ADMINMENUMODERATION": "主持人：", "ADMINMENUOPTION": "在下面选择一个选项：", "ADMINMENUREASON": "原因：", "ADMINMENUDURATION": "持续时间：", "ADMINMENUDURATIONDAYSPLACEHOLDER": "天数", "ADMINMENUDURATIONHOURSPLACEHOLDER": "小时", "ADMINMENUDURATIONMINUTESPLACEHOLDER": "分钟", "ADMINMENUDURATIONDAYS": "天数：", "ADMINMENUDURATIONHOURS": "小时数：", "ADMINMENUDURATIONMINUTES": "分钟数：", "ADMINMENUENTERTEXT": "输入文本...", "ADMINMENUEXECUTE": "处决", "ADMINMENUMISSINGFIELDS": "缺少数据，请确保已填写所有字段。", "ADMINMENUITEMSELECTOR": "项目选择器：", "ADMINMENUDOORCONTROL": "车门控制：", "ADMINMENUTOGGLEOPEN": "打开", "ADMINMENUTOGGLECLOSE": "关", "ADMINMENUTOGGLEUNLOCK": "解锁", "ADMINMENUTOGGLELOCK": "锁", "ADMINMENUDOORTELEPORT": "电传", "ADMINMENUWAYPOINTMENU": "航路点：", "ADMINMENUCONSOLEENTER": "输入命令", "ADMINMENUCONSOLESUBMIT": "提交", "ADMINMENUCONSOLEHELP": "（运行<b>帮助</b>获取帮助）", "ADMINMENUCONSOLERESPONSES": "命令响应：", "MAINMENUJOIN": "参加", "MAINMENUCLOSE": "关", "STARTINGSERVER": "正在启动服务器...", "STARTINGHOST": "Starting host...", "CONNECTING": "Connecting...", "AUTHENTICATING": "Authenticating...", "JOININGGAME": "Joining the game...", "LOADINGLEVEL": "Loading the level...", "CONNECTFAILED": "连接失败。", "HOSTSTEAMNATWARN": "NAT功能将使用IP地址。\n您的IP地址就会暴露给大厅里的所有其他玩家。\n继续进行，风险自负。", "HOSTRELAYWARN": "“中继主机”选项当前正在进行中。预计会出现滞后、高ping和其他与网络相关的错误。", "LOBBYPLAYERSCOUNT": "%COUNT% players connected.", "LOBBYWAITINGFORHOST": "正在等待大厅主持人...", "LOBBYGAMESTARTSOON": "比赛马上就要开始了。", "LOBBYNOTENOUGHPLAYERS": "Not enough players to start yet (minimum: %MINIMUMPLAYERS% players)", "LOBBYSTARTINGIN": "Starting in %TIMER% seconds", "LOBBYSTARTINGNOW": "从现在开始！", "LOBBYSTARTVOTECOUNT": "%VOTECOUNT% out of %VOTEMIN% player(s) have voted, %STILLNEEDEDVOTES% extra votes required", "ROUNDEND": "圆端的", "ROUNDENDFORCE": "回合由管理员结束", "ROUNDENDTIMER": "回合自动结束", "ROUNDENDDIED": "所有人都死了", "ROUNDENDSUCCESS": "所有人都逃走了", "ROUNDENDTOTALTIME": "The containment breach lasted approximately <color=#c20000>%MINS%</color> minutes and <color=#c20000>%SECS%</color> seconds", "ROUNDENDTOTALTERMINATED": "<color=#c20000>%COUNT%</color> Class-D personnel were terminated during the breach", "ROUNDENDTOTALESCAPE": "<color=#c20000>%COUNT%</color> Class-D personnel are unaccounted for", "ROUNDENDSCP106CONTAINED": "<color=#c20000>SCP-106</color>在破裂过程中重新获得", "ROUNDENDSCP106NOTCONTAINED": "<color=#c20000>SCP-106</color>在破裂过程中未重新获得", "ROUNDBEGINNING": "圆形开始于...", "ROUNDENDTIMERTEXT": "Next round in %TIME% seconds", "ROUNDRESTARTING": "正在重新启动回合...", "AUTHFAILHOST": "无法通过中央服务器进行身份验证。\n脱机模式已启用。SteamId不可用。\n如果要关闭此功能，请退出到主菜单。"}, "item": {"Ammo": "弹药", "AnomGasmask": "异常防毒面具", "Battery": "电池", "BVGoggles": "蓝色视觉护目镜", "Eyedrops": "眼药水", "Flashlight": "手电筒", "Flare": "闪耀", "Gasmask": "防毒面具", "IVGoggles": "红外线护目镜", "Mastercard": "主卡", "Keycard1": "一级钥匙卡", "Keycard2": "二级钥匙卡", "Keycard3": "三级钥匙卡", "Keycard4": "4级钥匙卡", "Keycard5": "5级钥匙卡", "Medkit": "急救包", "MedkitSmall": "小型急救包", "NVGoggles": "夜视护目镜", "P90": "第90页", "Quarter": "一刻钟", "Tracker": "Global Tracking Device (%POWER%%)", "RefinedTracker": "Refined Tracking Device (%POWER%%)", "SNav": "SNav (%POWER%)", "RedCandy": "红色糖果", "BlueCandy": "蓝色糖果", "GreenCandy": "绿色糖果", "PurpleCandy": "紫色糖果", "PinkCandy": "粉红色的糖果", "CandyCorn": "糖果玉米"}, "npc": {"SCPINFO": "Item: <b>%ITEM%</b>\nObject Class: <color=%CLASSCOLOR%>%CLASS%</color>\nContainment Status: %STATUS%", "SCPBREACHED": "破裂的", "SCPRECONTAINING": "修复", "SCPCONTAINED": "包含", "SCP106TITLE": "SCP-106收容中", "SCP106SUBJECT": "Selected Subject: %NAME% (D-%DISCRIM%)", "SCP106STAGE1": "第1阶段：激活股骨破坏器", "SCP106STAGE2": "第二阶段：股骨骨折", "SCP173DOOROPEN": "警告：收容室门打开", "SCP294DISABLED": "残疾人", "SCP294DISPENSING": "正在配药...", "SCP294NOQUARTERS": "需要50美分", "SCP294ONEQUARTER": "需要25美分", "SCP294OUTOFRANGE": "超出范围", "SCP294WAITING": "正在等待输入..."}, "effects": {"CHICKENPOXEFFECTBLISTER": "你的身上开始出现红色的水泡。", "CHICKENPOXEFFECTITCH": "你的皮肤感到发痒。", "CHICKENPOXEFFECTHEAD": "你的头很疼，但你可以坚持下去。", "CHICKENPOXEFFECTGONE": "你的皮肤不再感到发痒。"}, "commands": {"CANCEL": "Cancel", "DONE": "Done.", "REASON": "Reason", "RESPAWNED": "Respawned.", "SUCCESS": "Success.", "TELEPORTED": "Teleported.", "FAILUNKNOWN": "Unable to run command.", "HOSTONLY": "This command is only available for the host.", "INVALIDARGS": "Invalid arguments.", "INVALIDNUMARG": "Provided argument is not a number.", "MISSINGPERMISSION": "Missing permission: %PERMISSION%.", "UNKNOWNCOMMAND": "Unknown command. Try help for a list of commands.", "FILTEREDMESSAGE": "Your message was filtered.", "MESSAGETOOLONG": "Cannot send message: Too long.", "SERVERMUTED": "You are server muted.", "BANFAIL": "Unable to ban the host or yourself.", "BANRECEIVED": "You have been banned by an administrator.", "BANSUCCESS": "%PLAYERNAME% has been banned.", "CHECKPOINTLOCKDOWN": "Checkpoint lock state set to: %STATUS%", "CLASSINVALID": "Invalid Class Id.", "CLEANFAIL": "Invalid clean type provided. Clean type must be: %TYPES%", "COPIEDIP": "IP: %IP% copied successfully.", "COPIEDSEED": "Seed: %SEED% copied successfully.", "COPIEDSEEDFAIL": "Cannot create seed, round has not started.", "DISABLEALLPLUGINS": "All plugins have been disabled.", "DISABLEPLUGINSLIST": "The following plugins have been disabled successfully: %LIST%", "DRINKINVALID": "Invalid drink name.", "ENABLEALLPLUGINS": "All plugins have been enabled.", "ENABLEPLUGINSLIST": "The following plugins have been enabled successfully: %LIST%", "FORCESTART": "Round has been started.", "FORCESTARTFAIL": "Round has already been started.", "GODMODE": "Godmode toggled.", "HELPINVALIDCOMMAND": "Invalid command. Run 'help' for a full list of commands.", "INFSTAM": "Infinite stamina toggled.", "ITEMFAIL": "Incorrect ItemID. If you are unsure about the ItemIDs, try '/item list'.", "ITEMINVALID": "Incorrect command syntax. Command should look like '/item <ItemID>' or '/item list'.", "ITEMSUCCESS": "Item %ITEMNAME% spawned.", "KILLSUCCESS": "%PLAYERNAME% has been killed.", "KICKFAIL": "Unable to kick the host.", "KICKMESSAGE": "You have been kicked by an administrator.", "KICKSUCCESS": "%PLAYERNAME% has been kicked.", "MUTEFAIL": "Unable to mute the host or yourself.", "MUTEFAILALREADYMUTED": "%PLAYERNAME% is already muted.", "MUTESUCCESS": "%PLAYERNAME% has been muted.", "MUTESUCCESSPERMANENT": "%PLAYERNAME% has been permanently muted.", "NOBLINK": "Noblink toggled.", "NOCLIP": "Noclip toggled.", "NOPLUGINS": "This server has no plugins installed!", "NOTARGET": "NoTarget toggled.", "NPCINVALID": "Invalid NPC Id.", "NPCSPAWN": "Spawned %NPC%.", "RESPAWNFAIL": "You cannot respawn, you are already alive!", "ROUNDENDEDALREADY": "Round has already ended", "SKINSUCCESS": "Successfully changed player skin texture.", "SKINFAIL": "There is no skin at that index.", "SUICIDE": "You are dead, not big suprise.", "SUICIDEFAIL": "You cannot suicide, you are already dead.", "UNMUTEFAIL": "Unable to unmute the host or yourself.", "UNMUTEFAILNOTMUTED": "%PLAYERNAME% is not muted.", "UNMUTESUCCESS": "%PLAYERNAME% has been unmuted.", "VIEWPERMSFAIL": "Please select exactly one player to view the permissions for.", "VIEWPERMSNONE": "%PLAYERNAME% has no permissions on this server.", "VIEWPERMSALL": "%PLAYERNAME% has all permissions on this server.", "VIEWPERMSLIST": "%PLAYERNAME% has the following permissions on this server: %PERMISSIONS%", "RECONTAIN106SUCCESS": "Successfully begun SCP-106 recontainment.", "RECONTAIN106FAILNOROOM": "Unable to recontain SCP-106, 106 room not found.", "RECONTAIN106FAILUNKNOWN": "Unable to start SCP-106 recontainment.", "RECONTAINMENTINVALID": "Invalid SCP to recontain. Valid options: 106", "NOVIDEOPLAYER": "You are not standing near a video player.", "PLAYVIDEO": "Playing...", "RELOADGROUPS": "Successfully reloaded groups.", "STOPVIDEO": "Stopped", "VIDEOURLSET": "Url set to %URL%."}, "hints": {"GUARD1": "<b>[GUARD]</b>你真的以为你可以在我不注意的情况下离开这里吗？现在回到会议室。", "GUARD2": "<b>他妈的发生了什么事？", "GUARD3": "<b>[守卫]</b>哦，该死，该死！", "GUNSHOTS": "[枪声]", "FACILITY1": "<b>[设施]</b>该站点正发生多起 Keter 和 Euclid 级收容失效。已启动全场封锁。", "FACILITY2": "<b>[设施]注意，所有人员立即向[无法理解]报告。", "CLOSETJANITOR": "<b>我认为最短的出路是通过东南翼。跟我来。", "CLOSETSCIENTIST": "<b>[科学家]</b>你听到了吗？我希望不是-", "SCP049SPOTTED1": "<b>[SCP-049]</b>哦，天哪，又是一个疾病的受害者。", "SCP049SPOTTED2": "<b>[SCP-049]</b>你不是医生。", "SCP049SPOTTED3": "<b>[SCP-049]</b>我<b>就是</b>解药。", "SCP049SPOTTED4": "<b>[SCP-049]</b>别害怕，我是治愈你的良方。", "SCP049SPOTTED5": "<b>[SCP-049]</b>给你。", "SCP049SPOTTED6": "<b>[SCP-049]</b>你好。", "SCP049SPOTTED7": "<b>[SCP-049]</b>问候。", "SCP049SEARCHING1": "<b>[SCP-049]</b>我知道你在这里。", "SCP049SEARCHING2": "<b>[SCP-049]</b>没有必要隐藏。我是来帮忙的。", "SCP049SEARCHING3": "<b>[SCP-049]</b>我听到你在呼吸。", "SCP049SEARCHING4": "<b>[SCP-049]我看得出来你身体不太好。你病得很厉害。", "SCP049SEARCHING5": "<b>[SCP-049]</b>别害怕，我不是想伤害你。", "SCP049SEARCHING6": "<b>[SCP-049]</b>我感觉到你身上有病。", "SCP049SEARCHING7": "<b>[SCP-049]</b>玫瑰花环，一个装满玫瑰花的口袋。纸巾，纸巾，我们都倒下了。", "SCP049SL1": "<b>[SCP-049]</b>天哪，比我想象的还要糟糕。就像野火一样蔓延。他们应该早点把我带到这里。", "SCP049SL2": "<b>[SCP-049]</b>在疾病吞噬这些可怜的灵魂之前，我需要开始工作。", "SCP049KILL1": "<b>[SCP-049]</b>如果你躺着不动，伤害会小一些。", "SCP049KILL2": "<b>[SCP-049]</b>我可以向你保证，我的治疗是最有效的。", "SCP9390LURE1": "你好", "SCP9390LURE2": "那里有人吗？", "SCP9390LURE3": "思考...今天。", "SCP9390LURE4": "*叹气*我希望他们其他人都没事。", "SCP9390LURE5": "不知道外面到底发生了什么。", "SCP9390LURE6": "*叹气*", "SCP9390LURE8": "有人在吗？", "SCP9390LURE9": "研究员Till to Main，请回复。", "SCP9390LURE10": "直到梅恩，外面有人吗？", "SCP9391LURE2": "也许我只是听到了一些事情。", "SCP9391LURE3": "你好谁在那里？", "SCP9391LURE4": "你还好吗？", "SCP9391LURE5": "你在哪里？", "SCP9391LURE6": "你受伤了吗？", "SCP9391LURE7": "你好", "SCP9391LURE9": "谁在下面？", "SCP9391LURE10": "下面有人吗？", "SCP939LUREDEFAULT": "[无法理解]", "ENDA1SCP106": "[SCP-106腐蚀]", "ENDA1FAC1": "<b>[设施]</b>SCP-106在A门突破收容。", "ENDA1FAC2": "<b>[设施]</b>立即点燃HID炮塔。", "ENDA1FAC3": "<b>[设施]</b>不要让它过桥！", "ENDA2MTF1": "<b>[MTF]</b>停在那里。", "ENDA2MTF2": "<b>[MTF]</b>已发现D级人员。", "ENDA1SCP106RETREAT": "[SCP-106撤退]", "ENDA1CI1": "你知道的太多了，不能让他们抓住你...", "ENDA1CI2": "你和我们一起去。", "DOORACCESSDENIED": "[访问被拒绝]", "DOORACCESSGRANTED": "[授予访问权限]", "DOORLOCKEDOFFICE": "[办公室门已锁]", "DOORCLOSE": "[车门关闭]", "DOORCLOSEELEVATOR": "[电梯门关闭]", "DOORCLOSEOFFICE": "[办公室门关闭]", "DOORCHECKPOINT": "[检查站门]", "DOORLOCKROOM": "[锁室门]", "CLOSEALARM": "[关闭警报]", "DOOROPEN": "[门打开]", "DOOROPEN079": "[SCP-079门打开]", "DOOROPEN173": "[SCP-173门打开]", "DOOROPENELEVATOR": "[电梯门打开]", "DOOROPENOFFICE": "[办公室门打开]", "DOOROPENFORCE": "[强制门打开]", "MANDEVILLE": "[曼德维尔]", "SCP008ATTACK": "[SCP-008攻击]", "SCP096CRY": "[微弱的哭泣]", "SCP096TRIGGERED": "[SCP-096已触发]", "SCP096ENRAGED": "[SCP-096愤怒]", "SCP096ENRAGING": "[SCP-096激怒]", "SCP106AMBIENCE": "[SCP-106气氛]", "SCP106RECONTAIN": "[股骨断裂]", "SCP173GLASS": "[玻璃破碎]", "SCP173KILL": "[SCP-173杀伤]", "SCP294CARDSWIPE": "[SCP-294刷卡]", "SCP294DISPENSING": "[SCP-294点胶]", "SCP294OUTOFRANGE": "[SCP-294错误]", "SCP294QUARTERINSERT": "[SCP-294四分之一插入]", "SCP294NOQUARTERS": "SCP-294似乎需要0.50美元才能发挥作用。", "SCP294ONEQUARTER": "SCP-294似乎需要0.25美元才能发挥作用。", "SCP330COLLECT": "[SCP-330收集]", "SCP330HANDKILL": "[SCP-330手腕切除]", "SCP914ACTIVATING": "[SCP-914激活]", "SCP914DOORCLOSE": "[SCP-914门关闭]", "SCP914DOOROPEN": "[SCP-914门打开]", "SCP939BITE": "[SCP-939咬]", "SCP939SCREAM": "[SCP-939尖叫声]", "DRINK00": "哦这令人失望。", "DRINK01": "丹尼尔，是你吗？你在干什么？", "DRINK02": "为什么我眨眼那么多？？", "DRINK03": "尝起来像金属。", "DRINK04": "这种饮料尝起来像红酒。", "DRINK05": "哎哟，我的屁股被吃了。", "DRINK06": "我头疼。", "DRINK07": "不可能，我不会喝的。", "DRINK08": "美味的", "DRINK09": "<color=#FF0000>H</color=#6bb04c>o</color=#71ada0>l</color=#b9cf2b>y</color=#0033ff>H</color=#bd86b4>e</color=#4b4f57>l</color><color=#f25c7d>l</color>，<color=#ab74b8>t</color=#7fb84d>h</color=#361d16>i</color=#5146e>s</color=#3bdf5>f</color=#578f63>e</color=#ff7b57>e</color><color=#751354>l</color=#b3ffa6>s</color><color=#00bf96>g</color=#ffc400>r</color>r 8800ff>e</color><color=#a6ffec>a</color><color=#757575>t</color>。", "DRINK010": "你不认为生物力量是真的吗？正确的", "DRINK011": "杯子里什么都没有。", "DRINK012": "我不认为这是为了口头使用。", "DRINK013": "我觉得自己非常有价值。", "DRINK014": "我觉得自己被一些外在的存在所控制。但我拒绝。", "DRINK015": "它尝起来像树液，我的胃很疼。", "DRINK016": "这饮料尝起来像血。天气还很暖和。", "DRINK017": "我需要一张五级钥匙卡才能通过大门。", "DRINK018": "你的胃感觉好像在燃烧。", "DRINK019": "我想是我的血。天气有点暖和。", "DRINK020": "我为什么要喝这个？", "DRINK021": "呃...我感觉不太好。。", "DRINK022": "痛苦永无止境...", "DRINK023": "我再也受不了了，在这一点上的一切都只是一个巨大的失望。", "DRINK024": "闻起来和尝起来都像大便。", "DRINK025": "我感受到了他们的痛苦。", "DRINK026": "不可能。", "DRINK027": "味道难以形容。我感到神清气爽。", "DRINK028": "我感到非常紧张。", "DRINK029": "啊，我为什么要喝那个？", "DRINK030": "不，不喝那个！", "DRINK031": "这饮料是用什么做的？这太神奇了！", "DRINK032": "松子", "DRINK033": "松鼠喜欢坚果！", "DRINK10": "感觉就像是在从里面清洗我。", "DRINK11": "<b>热的，热的</b>", "DRINK12_0": "这就是大便。", "DRINK12_1": "天哪，那大便太厉害了。", "DRINK12_2": "我感觉好极了。", "DRINK12_3": "天啊，那大便太神奇了！", "DRINK20": "该死，太厉害了。", "DRINK21": "冷，脆，美味。", "DRINK22": "还不错。", "DRINK23": "啊。", "DRINK24": "这种饮料有促进作用，尝起来有点辣，还带有一丝肉桂味。", "DRINK25": "椰奶的味道总是令人耳目一新。", "DRINK26": "完美的温度。", "DRINK27": "它尝起来就像生鸡蛋！", "DRINK28": "我为什么要喝那个？", "DRINK29": "含糖的", "DRINK210": "还是太热了。", "DRINK211": "含糖的", "DRINK212": "美味的", "DRINK213": "我真的只是喝了花生酱吗？", "DRINK214": "尝起来就像泡菜...", "DRINK215": "又冷又甜。", "DRINK216": "这是一种美味的蓝莓香蕉奶昔。", "DRINK217": "太甜蜜了。", "DRINK218": "虽然我觉得我喝得太多了，但我还是觉得很甜。", "DRINK219": "这味道很甜。", "DRINK220": "哦，没关系。不过我从来都不是番茄汁的忠实粉丝。", "DRINK221": "这令人耳目一新。", "DRINK222": "就是这样。", "DRINK223": "这是香草味的冰淇淋，口感非常顺滑。", "DRINK224": "苦乐参半", "DRINK30": "你感觉自己好像进入了另一个维度。", "DRINK31": "那绝对是血。", "DRINK32": "这种饮料的味道和我以前喝过的任何饮料都不一样。我感觉比以往任何时候都好。", "DRINK33": "感觉我被控制了。", "DRINK34": "感觉好像有什么东西在我胃里动。", "DRINK35": "空杯子的侧面有复杂的蓝图。它们包含无法翻译的语言和无法破译的图表。", "DRINK36": "你感觉很好，但代价是什么？", "DRINK37": "等待我在做什么？", "HINTGUN": "[远距离射击]", "HINT682": "[远距离SCP-682咆哮]", "CLEANROOMGAS": "[净化气体]", "CLEANROOMHORN": "[洁净室喇叭]", "COUGHING": "[咳嗽]", "DEADHINT": "Press <b>[<color=#6EC4F5>%KEYBIND%</color>]</b> to spectate someone.", "FANWINDDOWN": "[风扇关闭]", "FANWINDUP": "[风扇关闭]", "ITEMPICKUP": "[取货]", "LEVERSWITCH": "[杠杆开关]", "TESLACHARGE": "[特斯拉充电]", "TESLAIDLE": "[特斯拉闲置]", "TESLASHOCK": "[特斯拉冲击]"}, "misc": {"DISCONNECTED": "已断开连接", "DEATHTEXT": "%PLAYERNAME% was killed by %KILLER%", "TERMINATEDEXT": "%PLAYERNAME% was terminated by %KILLER%", "ESCAPEDTEXT": "%PLAYERNAME% escaped the facility.", "INTERACTNOTHING": "什么也没发生。", "INTERACTCARDFAIL": "你需要一张不同的通关钥匙卡。", "INTERACTNEEDCARD": "你需要一张钥匙卡才能使用这个。", "UNKNOWN": "未知", "BLEEDDEATH": "%PLAYERNAME% bled to death.", "UNKNOWNDEATH": "%PLAYERNAME% was killed, cause unknown.", "TESLAGATEDEATH": "%PLAYERNAME% was terminated by a tesla gate.", "GASDEATH": "%PLAYERNAME% was killed by toxic gas.", "FIREDEATH": "%PLAYERNAME% burned to death.", "GRAVITYDEATH": "%PLAYERNAME% fell to their death.", "POCKETDEATH": "%PLAYERNAME% corroded in the pocket dimension.", "DEATHREFSELF": "%PLAYERNAME% killed themselves.", "DISCONNECTDEATH": "%PLAYERNAME% ceased to exist.", "SCP012DEATH": "%PLAYERNAME% was killed by SCP-012.", "SCP914DEATH": "%PLAYERNAME% was killed in SCP-914.", "REDCANDYDEATH": "%PLAYERNAME% was killed by a candy.", "CANDYCORNDEATH": "%PLAYERNAME% was killed by an extremely strong candy.", "PLAYERDEATH": "%PLAYERNAME% was terminated by an unknown player.", "ADMINDEATH": "%PLAYERNAME% was terminated by an admin.", "PIZZATOOHOT": "披萨太烫了，摸不着。", "1123NOTOUCH": "“我可能不应该碰它…”", "860LOCKED": "门像是和空间固定在了一起,纹丝不动。", "CONTBREACHINPROGRESS": "<color=red>收容失效\n正在发生</color>", "TIP":"TIP","TIP0":"Crouch to avoid getting heard by SCP-939.","TIP1":"SCP-096 doesn\u0027t like being looked at. If you see his face and hear him scream, start signing your will.","TIP2":"Keep your friends close, you\u0027ll need them to survive. Cooperate, and you might just make it out alive.","TIP3":"SCP-714 is a great tool to use against SCP-049 in a tight pinch.","TIP4":"Admire the statue. Your life depends on it.","TIP5":"Be careful how much candy you take. Too much may be disasterous.","TIP6":"SCP-914 can upgrade your items, but it can also degrade them. Be careful.","TIP7":"Take caution when interacting with doors. You never know what\u0027s on the other side.","TIP8":"Let your curiosity take over; it could either reward you, or kill you.","TIP9":"Watch your back. You never know what\u0027s following you.","TIP10":"Found a game issue? Report it to us! Open the debug panel (\u0060) and type \u0027reportbug\u0027.", "SIGNCAUTIONLIGHTS": "警示灯亮起", "SIGNHOIST": "升起", "SIGNDOOR": "门", "SIGNSTORAGE3E": "存储区3E", "SIGNSTORAGE3C": "存储区3C", "SIGNSECTION3": "第3节", "SIGNCAUTION": "小心", "SIGNOFF": "关", "SIGNON": "在…上", "SIGNCONTROLROOM": "控制室", "SIGNLCZLOCKDOWN": "轻型收容区锁定", "SIGNHCZLOCKDOWN": "重型收容区封锁", "SIGNLIGHTTESTING2B": "光测试室2B", "SIGNLIGHTCONTZONE": "轻型收容区", "SIGNHEAVYCONTZONE": "重型收容区", "SIGNTIMESWITCH": "时间开关自动关门", "SIGNINFORMATIONCENTER": "信息中心", "SIGNAUTHORIZED": "仅限授权人员进入</u>", "SIGNREPORT": "报告所有潜在异常", "SIGNDONTFORGET": "别忘了！", "SIGNTODAYIS": "<u> 今天</u>是...", "SIGNPIZZADAY": "披萨日", "SIGNDANGER": "危险", "SIGNTESLAGATE": "特斯拉门激活时请勿通过", "SIGNGENERATOR": "发电机", "SIGNMAIN": "主要的", "SIGNELECTROMAGNET": "ELO-IID电磁铁手动重启", "SIGNSOUND": "声音传输任务", "SIGNFEMURBREAKER": "股骨断路器", "SIGNENTRANCE": "入口区域", "SIGNMAINTENANCETUNNELS": "维修隧道", "SIGNMAINTENANCEROOM": "维修间", "SIGNALPHAREMOTE": "远程引爆阿尔法弹头", "SIGNOMEGAREMOTE": "远程引爆Omega弹头", "SIGNWARHEADSILO": "Omega核弹仓", "SIGNFUELPUMP": "燃油泵", "SIGNPOWERFEED": "供电", "SIGNPRIMARYLIGHTING": "一次照明", "SIGNSECONDARYLIGHTING": "二次照明", "SIGNREMOTEDOORCONTROL": "远程车门控制", "SIGNGATEA": "门A", "SIGNEMERGENCYLIFT": "紧急疏散电梯", "SIGNNOTICE": "注意", "SIGNOUTOFORDER": "电梯故障", "WAITINGFORPLAYERS": "正在等待玩家...", "WAITINGSTARTGAME": "（主持人）开始游戏", "TESLAACTIVE": "<size=60>特斯拉状态</size>\n\n\n<size=75><color=#FF0000><b>激活</b></color></size>", "TESLAINACTIVE": "<size=60>TESLA STATUS</size>\n\n\n<size=75><color=#5c8aff><b>未激活</b></color></size>", "LOCKDOWNMONITOR": "<color=red>CHECKPOINT\nLOCKDOWN</color>\n\n区域锁定生效\n<size=25>联系轻型收容区控制部门解除锁定</size>", "EZLOCKDOWNMONITOR": "<color=red>检查点\n已封锁</color>\n\n区域封锁中\n<size=25>SCP-008 突破收容，将在 SCP-008 重新收容后解除封锁</size>", "MOTIONDETECTED": "检测到运动", "CLEANROOMOPERATIONAL": "操作的", "CLEANROOMDISABLED": "残废", "CLEANROOMIDLE": "闲置的", "CLEANROOMDECONTAMINATING": "去污", "CLEANROOMNOCONNECTION": "错误：没有连接到SCPiNET", "CLEANROOMVERSION": "洁净室系统V2.01", "CLEANROOMRESTART": "系统离线，按下电源重新启动", "MONITORSCPINET": "SCPiNET-3.0.21版", "MONITOROFFLINE": "脱机", "MONITOREMAILTO": "To: %NAME%", "MONITOREMAILFROM": "From: %NAME%", "MONITOREMAILSUBJECT": "Subject: %SUBJECT%", "EMAILSTEVENS1SUBJECT": "坏主意！", "EMAILSTEVENS1BODY": "我告诉你们这是个坏主意，把所有的SCP都搬到这里。这个装置会让我们失望的，它做到了。看看我们现在在哪里。", "ARTFRAMEAUTHOR": "By %AUTHOR%"}}